agency,count
WHO,27
UNEP,24
FAO,22
World Bank,16
OECD,15
ILO,14
UNICEF,13
UNDRR,12
UNODC,12
UNESCO-UIS,12
UN-Habitat,10
UNIDO,6
IMF,5
ITU,5
DESA-UNSD,5
UNESCO,5
OHCHR,5
UNDP,5
UNCTAD,4
UNFCCC,4
UNEP-WCMC,3
ITC,3
IRENA,3
PARIS21,3
DESA-PopDiv,3
IEA,2
UNFPA,2
UNWTO,2
IPU,2
UN Women,2
DESA-Financing for Sustainable Development Office,2
IUCN,2
UNESCO-IOC,2
UN-Women,1
Save the Children,1
ODW,1
"WHO/UNICEF Joint Monitoring Programme for Water Supply, Sanitation and Hygiene",1
CBD,1
UNCCD,1
UN-DOALOS,1
UNHCR,1
WTO,1
UNAIDS,1
Ramsar Convention,1
IOM,1
ITF-OECD,1
ICAO,1
UNECE,1
